{
    "dice": [
        {
            "epoch": 0,
            "dice": 0.054866714136941094
        },
        {
            "epoch": 1,
            "dice": 0.057402871016945155
        },
        {
            "epoch": 2,
            "dice": 0.05951503717473575
        }
    ]
}